{
  "mzML": {
    "schemaLocation": "http://psi.hupo.org/ms/mzml http://psidev.info/files/ms/mzML/xsd/mzML1.1.0.xsd",
    "id": "2061205_pos_lipid32",
    "version": "1.1.0"
  },
  "cvList": {
    "cv": [
      {
        "id": "MS",
        "fullName": "Proteomics Standards Initiative Mass Spectrometry Ontology",
        "version": "3.79.0",
        "URI": "http://psidev.cvs.sourceforge.net/*checkout*/psidev/psi/psi-ms/mzML/controlledVocabulary/psi-ms.obo"
      }
    ],
    "cv.1": [
      {
        "id": "UO",
        "fullName": "Unit Ontology",
        "version": "12:10:2011",
        "URI": "http://obo.cvs.sourceforge.net/*checkout*/obo/obo/ontology/phenotype/unit.obo"
      }
    ],
    "count": "2"
  },
  "fileDescription": {
    "fileContent": {
      "cvParam": [
        {
          "cvRef": "MS",
          "accession": "MS:1000579",
          "name": "MS1 spectrum",
          "value": ""
        }
      ]
    },
    "sourceFileList": {
      "sourceFile": {
        "cvParam": [
          {
            "cvRef": "MS",
            "accession": "MS:1000768",
            "name": "Thermo nativeID format",
            "value": ""
          }
        ],
        "cvParam.1": [
          {
            "cvRef": "MS",
            "accession": "MS:1000563",
            "name": "Thermo RAW format",
            "value": ""
          }
        ],
        "cvParam.2": [
          {
            "cvRef": "MS",
            "accession": "MS:1000569",
            "name": "SHA-1",
            "value": "f3c137fb3ca70aaaa50839c7b6940b600f90eb97"
          }
        ],
        "id": "RAW1",
        "name": "2061205_pos_lipid32.raw",
        "location": "file:///"
      },
      "count": "1"
    }
  },
  "referenceableParamGroupList": {
    "referenceableParamGroup": {
      "cvParam": [
        {
          "cvRef": "MS",
          "accession": "MS:1002416",
          "name": "Orbitrap Fusion",
          "value": ""
        }
      ],
      "cvParam.1": [
        {
          "cvRef": "MS",
          "accession": "MS:1000529",
          "name": "instrument serial number",
          "value": "FSN10115"
        }
      ],
      "id": "CommonInstrumentParams"
    },
    "count": "1"
  },
  "softwareList": {
    "software": {
      "cvParam": [
        {
          "cvRef": "MS",
          "accession": "MS:1000532",
          "name": "Xcalibur",
          "value": ""
        }
      ],
      "id": "Xcalibur",
      "version": "2.0.1258.15"
    },
    "software.1": {
      "cvParam": [
        {
          "cvRef": "MS",
          "accession": "MS:1000615",
          "name": "ProteoWizard software",
          "value": ""
        }
      ],
      "id": "pwiz",
      "version": "3.0.9205"
    },
    "count": "2"
  },
  "instrumentConfigurationList": {
    "instrumentConfiguration": {
      "referenceableParamGroupRef": [
        {
          "ref": "CommonInstrumentParams"
        }
      ],
      "componentList": {
        "source": {
          "cvParam": [
            {
              "cvRef": "MS",
              "accession": "MS:1000398",
              "name": "nanoelectrospray",
              "value": ""
            }
          ],
          "cvParam.1": [
            {
              "cvRef": "MS",
              "accession": "MS:1000485",
              "name": "nanospray inlet",
              "value": ""
            }
          ],
          "order": "1"
        },
        "analyzer": {
          "cvParam": [
            {
              "cvRef": "MS",
              "accession": "MS:1000081",
              "name": "quadrupole",
              "value": ""
            }
          ],
          "order": "2"
        },
        "analyzer.1": {
          "cvParam": [
            {
              "cvRef": "MS",
              "accession": "MS:1000484",
              "name": "orbitrap",
              "value": ""
            }
          ],
          "order": "3"
        },
        "detector": {
          "cvParam": [
            {
              "cvRef": "MS",
              "accession": "MS:1000624",
              "name": "inductive detector",
              "value": ""
            }
          ],
          "order": "4"
        },
        "count": "4"
      },
      "softwareRef": [
        {
          "ref": "Xcalibur"
        }
      ],
      "id": "IC1"
    },
    "instrumentConfiguration.1": {
      "referenceableParamGroupRef": [
        {
          "ref": "CommonInstrumentParams"
        }
      ],
      "componentList": {
        "source": {
          "cvParam": [
            {
              "cvRef": "MS",
              "accession": "MS:1000398",
              "name": "nanoelectrospray",
              "value": ""
            }
          ],
          "cvParam.1": [
            {
              "cvRef": "MS",
              "accession": "MS:1000485",
              "name": "nanospray inlet",
              "value": ""
            }
          ],
          "order": "1"
        },
        "analyzer": {
          "cvParam": [
            {
              "cvRef": "MS",
              "accession": "MS:1000081",
              "name": "quadrupole",
              "value": ""
            }
          ],
          "order": "2"
        },
        "analyzer.1": {
          "cvParam": [
            {
              "cvRef": "MS",
              "accession": "MS:1000083",
              "name": "radial ejection linear ion trap",
              "value": ""
            }
          ],
          "order": "3"
        },
        "detector": {
          "cvParam": [
            {
              "cvRef": "MS",
              "accession": "MS:1000253",
              "name": "electron multiplier",
              "value": ""
            }
          ],
          "order": "4"
        },
        "count": "4"
      },
      "softwareRef": [
        {
          "ref": "Xcalibur"
        }
      ],
      "id": "IC2"
    },
    "count": "2"
  },
  "dataProcessingList": {
    "dataProcessing": {
      "processingMethod": {
        "cvParam": [
          {
            "cvRef": "MS",
            "accession": "MS:1000544",
            "name": "Conversion to mzML",
            "value": ""
          }
        ],
        "order": "0",
        "softwareRef": "pwiz"
      },
      "id": "pwiz_Reader_Thermo_conversion"
    },
    "count": "1"
  },
  "run": {
    "id": "_x0032_061205_pos_lipid32",
    "defaultInstrumentConfigurationRef": "IC1",
    "startTimeStamp": "2016-12-05 15:46:46Z",
    "defaultSourceFileRef": "RAW1",
    "scanPolarity": "positive"
  }
}