{
  "mzML": {
    "schemaLocation": "http://psi.hupo.org/ms/mzml http://psidev.info/files/ms/mzML/xsd/mzML1.1.0.xsd",
    "id": "",
    "version": "1.1.0"
  },
  "cvList": {
    "cv": [
      {
        "id": "MS",
        "fullName": "Proteomics Standards Initiative Mass Spectrometry Ontology",
        "version": "4.1.41",
        "URI": "https://raw.githubusercontent.com/HUPO-PSI/psi-ms-CV/master/psi-ms.obo"
      }
    ],
    "cv.1": [
      {
        "id": "UO",
        "fullName": "Unit Ontology",
        "version": "09:04:2014",
        "URI": "https://raw.githubusercontent.com/bio-ontology-research-group/unit-ontology/master/unit.obo"
      }
    ],
    "count": "2"
  },
  "fileDescription": {
    "fileContent": {
      "cvParam": [
        {
          "cvRef": "MS",
          "accession": "MS:1000579",
          "name": "MS1 spectrum",
          "value": ""
        }
      ]
    }
  },
  "softwareList": {
    "software": {
      "cvParam": [
        {
          "cvRef": "MS",
          "accession": "MS:1002870",
          "name": "MSnbase",
          "value": ""
        }
      ],
      "id": "MSnbase",
      "version": "2.20.4"
    },
    "software.1": {
      "cvParam": [
        {
          "cvRef": "MS",
          "accession": "MS:1002869",
          "name": "mzR",
          "value": ""
        }
      ],
      "id": "mzR",
      "version": "2.28.0"
    },
    "count": "2"
  },
  "instrumentConfigurationList": {
    "instrumentConfiguration": {
      "cvParam": [
        {
          "cvRef": "MS",
          "accession": "MS:1000031",
          "name": "instrument model",
          "value": ""
        }
      ],
      "id": "IC"
    },
    "count": "1"
  },
  "dataProcessingList": {
    "dataProcessing": {
      "processingMethod": {
        "cvParam": [
          {
            "cvRef": "MS",
            "accession": "MS:1001486",
            "name": "data filtering",
            "value": ""
          }
        ],
        "order": "1",
        "softwareRef": "MSnbase"
      },
      "id": "MSnbase_processing"
    },
    "dataProcessing.1": {
      "processingMethod": {
        "cvParam": [
          {
            "cvRef": "MS",
            "accession": "MS:1000544",
            "name": "Conversion to mzML",
            "value": ""
          }
        ],
        "order": "2",
        "softwareRef": "mzR"
      },
      "id": "mzR_processing"
    },
    "count": "2"
  },
  "run": {
    "id": "Experiment_1",
    "defaultInstrumentConfigurationRef": "IC",
    "startTimeStamp": []
  }
}