{
  "Package": "package:ScanCentricPeakCharacterization",
  "Version": "0.3.55",
  "Sha": "95d7c1a335aef7ce60b03758a70571b372c78098",
  "RunTime": [],
  "PeakFinder": {
    "mzml_data": {},
    "offset_multiplier": 1,
    "calculate_peak_area": false,
    "zero_normalization": false,
    "n_zero_tiles": 1,
    "sample_id": "lipid_example",
    "min_points": 4,
    "peak_method": "lm_weighted",
    "region_percentile": 0.99,
    "tiled_region_delta": 1,
    "tiled_region_size": 1,
    "n_point_region": 2000,
    "quantile_multiplier": 1.5,
    "sliding_region_delta": 1,
    "sliding_region_size": 10,
    "stop_time": "2023-04-05 17:15:23",
    "start_time": {},
    "run_time": [],
    "initialize": ["function (sc_mzml = NULL, sliding_region_size = 10, sliding_region_delta = 1, ", "    tiled_region_size = 1, tiled_region_delta = 1, region_percentile = 0.99, ", "    offset_multiplier = 1, frequency_multiplier = 400, quantile_multiplier = 1.5, ", "    n_point_region = 2000, peak_method = \"lm_weighted\", min_points = 4, ", "    n_zero_tiles = 1, zero_normalization = FALSE, calculate_peak_area = FALSE) ", "{", "    if (inherits(sc_mzml, \"SCMzml\")) {", "        self$peak_regions = SCPeakRegions$new(sc_mzml, frequency_multiplier = frequency_multiplier)", "    }", "    else if (inherits(sc_mzml, \"SCPeakRegions\")) {", "        self$peak_regions = sc_mzml", "    }", "    else {", "        self$peak_regions = SCPeakRegions$new(sc_mzml = NULL, ", "            frequency_multiplier = frequency_multiplier)", "    }", "    self$sliding_region_size = sliding_region_size", "    self$sliding_region_delta = sliding_region_delta", "    self$tiled_region_size = tiled_region_size", "    self$tiled_region_delta = tiled_region_delta", "    self$region_percentile = region_percentile", "    self$quantile_multiplier = quantile_multiplier", "    self$n_point_region = n_point_region", "    self$peak_method = peak_method", "    self$min_points = min_points", "    self$n_zero_tiles = n_zero_tiles", "    self$zero_normalization = zero_normalization", "    self$offset_multiplier = offset_multiplier", "    self$calculate_peak_area = calculate_peak_area", "    invisible(self)", "}"],
    "peak_meta": ["function () ", "{", "    mz_point_data = self$peak_regions$frequency_point_regions$frequency", "    mz_point_data = mz_point_data[names(mz_point_data) %in% as.character(self$peak_regions$normalization_factors$scan)]", "    tmp_ms_info = purrr::map_df(mz_point_data, function(in_scan) {", "        tmp_data = S4Vectors::mcols(in_scan)", "        data.frame(scan = tmp_data[1, \"scan\"], tic = sum(tmp_data[, ", "            \"intensity\"]), raw_tic = sum(tmp_data[, \"RawIntensity\"]))", "    })", "    list(run_time_info = list(run_time = as.numeric(difftime(self$stop_time, ", "        self$start_time, units = \"s\")), n_peak_regions = length(self$peak_regions$peak_region_list), ", "        n_scans = length(self$peak_regions$normalization_factors$scan)), ", "        ms_info = tmp_ms_info, frequency_mz = self$peak_regions$frequency_point_regions$metadata, ", "        peaks = list(n_peaks = nrow(self$peak_regions$peak_data), ", "            mz_range = range(self$peak_regions$peak_data$ObservedMZ, ", "                na.rm = TRUE)), other_info = list(n_scans = length(self$peak_regions$normalization_factors$scan), ", "            min_scan = self$peak_regions$min_scan, n_peaks = nrow(self$peak_regions$peak_data), ", "            intensity_range = range(self$peak_regions$peak_data$Height), ", "            dynamic_range = max(self$peak_regions$peak_data$Height)/min(self$peak_regions$peak_data$Height), ", "            median_intensity = median(self$peak_regions$peak_data$Height), ", "            indicated_standards = !is.null(self$peak_regions$peak_data[[\"StandardContaminant\"]]), ", "            instrument = self$peak_regions$instrument))", "}"],
    "summarize": ["function (package_used = \"package:ScanCentricPeakCharacterization\") ", "{", "    self$stop_time = Sys.time()", "    self$run_time = as.numeric(difftime(self$stop_time, self$start_time, ", "        units = \"s\"))", "    pkg_description = utils::packageDescription(substring(package_used, ", "        9))", "    if (!is.null(pkg_description$RemoteSha)) {", "        pkg_sha = pkg_description$RemoteSha", "    }", "    else {", "        pkg_sha = NA", "    }", "    p_finder = as.list(self)", "    p_finder[[\".__enclos_env__\"]] = NULL", "    p_finder$clone = NULL", "    p_regions = as.list(self$peak_regions)", "    p_finder$peak_regions = NULL", "    p_regions[[\".__enclos_env__\"]] = NULL", "    p_regions$clone = NULL", "    p_regions$frequency_point_regions = NULL", "    p_regions$sliding_regions = NULL", "    p_regions$tiled_regions = NULL", "    p_regions$scan_peaks = NULL", "    p_regions$peak_data = NULL", "    p_regions$peak_regions = NULL", "    p_regions$scan_level_arrays = NULL", "    p_regions$keep_peaks = NULL", "    p_regions$normalization_factors = NULL", "    p_regions$peak_index = NULL", "    p_regions$scan_correlation = NULL", "    p_regions$peak_region_list = NULL", "    processing_info = list(Package = package_used, Version = pkg_description$Version, ", "        Sha = pkg_sha, RunTime = self$run_time, PeakFinder = p_finder, ", "        PeakRegions = p_regions)", "    list(processing_metadata.json = processing_info, peak_list.json = self$summarize_peaks())", "}"],
    "characterize_peaks": ["function () ", "{", "    self$add_regions()", "    self$reduce_sliding_regions()", "    self$split_peak_regions()", "    self$remove_double_peaks_in_scans()", "    self$normalize_data()", "    self$find_peaks_in_regions()", "    self$indicate_high_frequency_sd()", "    self$add_offset()", "    self$sort_ascending_mz()", "    if (nrow(self$peak_regions$peak_data) == 0) {", "        stop(\"No peaks meeting criteria!\")", "    }", "    self$model_mzsd()", "}"],
    "sort_ascending_mz": ["function () ", "{", "    self$peak_regions$peak_data = self$peak_regions$peak_data[order(self$peak_regions$peak_data$ObservedMZ), ", "        ]", "    invisible(self)", "}"],
    "add_offset": ["function () ", "{", "    peak_data = self$peak_regions$peak_data", "    frequency_offset = mean(unlist(self$peak_regions$frequency_point_regions$metadata$difference_range))", "    mz_coefficients = self$peak_regions$frequency_point_regions$metadata$mz_coefficients", "    mz_description = self$peak_regions$frequency_point_regions$metadata$mz_fit_description", "    mz_1 = predict_exponentials(peak_data$ObservedFrequency, ", "        mz_coefficients, mz_description)", "    mz_2 = predict_exponentials(peak_data$ObservedFrequency + ", "        frequency_offset, mz_coefficients, mz_description)", "    peak_data$Offset = (mz_1 - mz_2) * self$offset_multiplier", "    self$peak_regions$peak_data = peak_data", "    invisible(self)", "}"],
    "summarize_peaks": ["function () ", "{", "    list(TIC = sum(self$peak_regions$peak_data$Height), Sample = self$sample_id, ", "        Peaks = self$peak_regions$peak_data, ScanLevel = self$peak_regions$scan_level_arrays)", "}"],
    "add_data": ["function (sc_mzml) ", "{", "    if (inherits(sc_mzml, \"SCMzml\")) {", "        self$peak_regions$add_data(sc_mzml)", "    }", "    invisible(self)", "}"],
    "indicate_high_frequency_sd": ["function () ", "{", "    peak_region = self$peak_regions", "    sd_cutoff = max(boxplot.stats(peak_region$peak_data$ObservedFrequencySD)$stats)", "    high_peaks = peak_region$peak_data$ObservedFrequencySD > ", "        sd_cutoff", "    self$peak_regions$peak_data$HighSD = high_peaks", "    invisible(self)", "}"],
    "model_heightsd": ["function () ", "{", "    self$peak_regions$peak_data$Log10HeightSDModel = int_sd_model(self$peak_regions$peak_data)", "    invisible(self)", "}"],
    "model_mzsd": ["function () ", "{", "    self$peak_regions$peak_data$Log10ObservedMZSDModel = mz_sd_model(self$peak_regions$peak_data)", "    invisible(self)", "}"],
    "find_peaks_in_regions": ["function () ", "{", "    log_message(\"Finding peaks in regions ...\")", "    self$peak_regions = characterize_peaks(self$peak_regions, ", "        self$calculate_peak_area)", "}"],
    "normalize_data": ["function (which_data = \"both\") ", "{", "    log_message(\"Normalizing scans ...\")", "    if (!self$zero_normalization) {", "        self$peak_regions = two_pass_normalization(self$peak_regions, ", "            summary_function = median, normalize_peaks = which_data)", "    }", "    else {", "        self$peak_regions = zero_normalization(self$peak_regions, ", "            summary_function = median, normalize_peaks = which_data)", "    }", "}"],
    "remove_double_peaks_in_scans": ["function () ", "{", "    peak_region_list = self$peak_regions$peak_region_list", "    scan_peaks = internal_map$map_function(peak_region_list, ", "        function(in_list) {", "            tmp_peaks = in_list$peaks", "            dup_scans = tmp_peaks[, \"scan\"][duplicated(tmp_peaks[, ", "                \"scan\"])]", "            tmp_peaks = tmp_peaks[!(tmp_peaks[, \"scan\"] %in% ", "                dup_scans), ]", "            tmp_points = in_list$points", "            tmp_points = tmp_points[as.character(tmp_peaks$scan)]", "            in_list$points = tmp_points", "            in_list$peaks = tmp_peaks", "            in_list", "        })", "    n_remain = purrr::map_int(scan_peaks, ~nrow(.x$peaks))", "    keep_remain = n_remain > 0", "    scan_peaks = scan_peaks[keep_remain]", "    self$peak_regions$peak_region_list = scan_peaks", "    self$peak_regions$scan_correlation = self$peak_regions$scan_correlation[keep_remain, ", "        ]", "    self$peak_regions$peak_index = self$peak_regions$peak_index[keep_remain]", "    if (!is.null(self$peak_regions$scans_per_peak)) {", "        self$peak_regions$scans_per_peak = self$peak_regions$scans_per_peak[keep_remain]", "    }", "    invisible(self)", "}"],
    "split_peak_regions": ["function (use_regions = NULL) ", "{", "    log_message(\"Splitting signal regions by peaks ...\")", "    if (is.null(use_regions)) {", "        use_regions = seq_len(length(self$peak_regions$peak_regions))", "    }", "    self$peak_regions$peak_region_list = split_regions(signal_regions = self$peak_regions$peak_regions[use_regions], ", "        frequency_point_regions = self$peak_regions$frequency_point_regions, ", "        tiled_regions = self$peak_regions$tiled_regions, min_scan = self$peak_regions$min_scan, ", "        min_points = self$min_points, n_zero = self$n_zero_tiles, ", "        calculate_peak_area = self$calculate_peak_area)", "    self$peak_regions$peak_index = seq_len(length(self$peak_regions$peak_region_list))", "}"],
    "reduce_sliding_regions": ["function () ", "{", "    log_message(\"Finding initial signal regions ...\")", "    self$peak_regions$peak_regions = find_signal_regions(self$peak_regions$sliding_regions, ", "        self$peak_regions$frequency_point_regions$frequency, ", "        self$region_percentile, self$quantile_multiplier, self$n_point_region)", "    log_memory()", "}"],
    "add_regions": ["function () ", "{", "    log_message(\"Adding sliding and tiled regions ...\")", "    sliding_regions = function(self) {", "        create_frequency_regions(frequency_range = self$peak_regions$frequency_range, ", "            n_point = self$sliding_region_size, delta_point = self$sliding_region_delta, ", "            multiplier = self$peak_regions$frequency_multiplier)", "    }", "    tiled_regions = function(self) {", "        create_frequency_regions(frequency_range = self$peak_regions$frequency_range, ", "            n_point = self$tiled_region_size, delta_point = self$tiled_region_delta, ", "            multiplier = self$peak_regions$frequency_multiplier)", "    }", "    run_regions = list(sliding = sliding_regions, tiled = tiled_regions)", "    new_regions = internal_map$map_function(names(run_regions), ", "        function(region) {", "            run_regions[[region]](self)", "        })", "    names(new_regions) = names(run_regions)", "    self$peak_regions$sliding_regions = new_regions[[\"sliding\"]]", "    self$peak_regions$tiled_regions = new_regions[[\"tiled\"]]", "    invisible(self)", "}"]
  },
  "PeakRegions": {
    "instrument": "NA",
    "scan_indices": {},
    "frequency_range": [993536.35532902, 2107085.32631102],
    "scan_subsets": {},
    "max_subsets": 100,
    "min_scan": 4,
    "scan_perc": 0.1,
    "scans_per_peak": {},
    "n_scan": 41,
    "is_normalized": "both",
    "frequency_multiplier": 400,
    "mz_fit_description": {},
    "frequency_fit_description": {},
    "initialize": ["function (sc_mzml = NULL, frequency_multiplier = 400, scan_perc = 0.1, ", "    max_subsets = 100) ", "{", "    self$scan_perc = scan_perc", "    self$max_subsets = max_subsets", "    self$frequency_multiplier = frequency_multiplier", "    self$add_data(sc_mzml)", "    invisible(self)", "}"],
    "add_data": ["function (sc_mzml) ", "{", "    if (!is.null(sc_mzml)) {", "        if (inherits(sc_mzml, \"SCMzml\")) {", "            frequency_data = sc_mzml$get_frequency_data()", "            self$instrument = sc_mzml$get_instrument()", "        }", "        else if (inherits(sc_mzml, \"list\")) {", "            frequency_data = sc_mzml", "        }", "        self$frequency_point_regions = check_ranges_convert_to_regions(frequency_data, ", "            frequency_multiplier = self$frequency_multiplier)", "        self$frequency_multiplier = self$frequency_point_regions$metadata$frequency_multiplier", "        self$frequency_range = purrr::map(self$frequency_point_regions$frequency, ", "            ~range(S4Vectors::mcols(.x)$frequency)) %>% do.call(c, ", "            .) %>% range(.)", "        self$set_min_scan()", "    }", "    invisible(self)", "}"],
    "set_min_scan": ["function () ", "{", "    if (!is.null(self$frequency_point_regions)) {", "        self$n_scan = length(unique(self$frequency_point_regions$frequency))", "        self$min_scan = min(c(round(self$scan_perc * self$n_scan), ", "            25))", "        if (self$min_scan <= 3) {", "            self$min_scan = 3", "        }", "    }", "    else {", "        warning(\"No frequency points to pull scan data from!\")", "    }", "    invisible(self)", "}"]
  }
}
